brewery_id,brewer,,brewery_id,website
1,"(512) Brewing Company",,1,http://512brewing.com/
2,"21st Amendment Brewery Cafe",,2,http://www.21st-amendment.com/
3,"3 Fonteinen Brouwerij Ambachtelijke Geuzestekerij",,3,http://www.3fonteinen.be/index.htm
4,"Aass Brewery",,4,http://www.aass.no
5,"Abbaye de Leffe",,5,
6,"Abbaye de Maredsous",,6,http://www.maredsous10.be/
7,"Abbaye Notre Dame du St Remy",,7,
10,"Abita Brewing Company",,10,http://www.abita.com/
11,"Adnams & Co.",,11,http://www.adnams.co.uk
12,"Affligem Brouwerij",,12,http://www.affligembeer.be/
13,"Agassiz Brewing",,13,
15,"Aktienbrauerei Kaufbeuren",,15,http://www.aktien-brauerei.de/
17,"Alaskan Brewing",,17,http://www.alaskanbeer.com/
19,Aldaris,,19,
21,"AleSmith Brewing",,21,http://alesmith.com/
23,"Allagash Brewing",,23,http://www.allagash.com/
25,"Allentown Brew Works",,25,http://www.thebrewworks.com/allentown-brewworks/
26,"Allguer Brauhaus AG Kempten",,26,
29,"Alpine Beer Company",,29,http://www.alpinebeerco.com/
31,"Alvinne Picobrouwerij",,31,
35,"Amherst Brewing Company",,35,http://www.amherstbrewing.com/
36,"Amicas Pizza, Microbrews and More",,36,
37,"Amstel Brouwerij",,37,http://www.amstel.com
39,"Anchor Brewing",,39,
40,"Andechser Klosterbrauerei",,40,
41,"Anderson Valley Brewing",,41,http://avbc.com/
44,Anheuser-Busch,,44,http://www.anheuser-busch.com/
45,"Appalachian Brewing Company",,45,http://www.abcbrew.com
47,"Arcadia Brewing",,47,http://www.arcadiaales.com/
49,"Arthur Guinness & Son",,49,http://www.guinness.com
51,"Asheville Pizza and Brewing Co.",,51,http://www.ashevillepizza.com/
54,"Atlanta Brewing Company",,54,http://www.atlantabrewing.com/
56,"Atwater Block Brewing",,56,http://www.atwaterbeer.com
57,"August Schell Brewing",,57,http://www.schellsbrewery.com/
61,"Australian Brewing Corporation",,61,http://www.australianbrewingcorporation.com/
62,"Avery Brewing Company",,62,http://www.averybrewing.com/
63,"Back Road Brewery",,63,http://www.backroadbrewery.com/
68,"Ballast Point Brewing",,68,http://www.ballastpoint.com/
70,"Bamberger Mahr's-Bru",,70,
71,"Bandana Brewery",,71,
72,"Bar Harbor Brewing Company",,72,http://www.barharborbrewing.com/
74,"Barfer - das kleine Brauhaus",,74,
76,"Barley Creek Brewing",,76,http://www.barleycreek.com/
77,"Barley Island Brewing",,77,
82,"Baron Brewing Company",,82,http://www.baronbeer.com/
83,"Barrel House Brewing Co.",,83,http://www.barrelhouse.com
85,"Bass Brewers",,85,
87,"Bavarian Barbarian Brewing Company",,87,http://www.bavarianbarbarian.com
88,"Bayerische Staatsbrauerei Weihenstephan",,88,
93,"Beamish & Crawford",,93,
94,"Bear Republic Brewery",,94,http://www.bearrepublic.com/
95,Beck's,,95,http://www.becks.de/
98,"Belhaven Brewery",,98,
100,"Bell's Brewery Inc.",,100,http://www.bellsbeer.com/
106,"Bethlehem Brew Works",,106,http://www.thebrewworks.com/bethlehem-brew-works
110,"Bierbrouwerij De Koningshoeven",,110,http://www.latrappe.nl/
111,"Bierbrouwerij St.Christoffel",,111,http://www.christoffelbeer.com
113,"Big Boss Brewing Company",,113,http://www.bigbossbrewing.com
114,"Big Buck Brewery",,114,http://www.bigbuck.com/gaylord.html
121,"Big Rock Brewery",,121,
122,"Big Sky Brewing",,122,
123,"Big Time Brewing",,123,http://www.bigtimebrewery.com/
127,"Birra Moretti",,127,
131,"Bitburger Brauerei",,131,
133,"BJ's Restaurant and Brewery",,133,http://www.bjsrestaurants.com/beer.aspx
136,"Blacksburg Brewing Company",,136,http://www.blacksburgbrewing.com/
144,"Blue Point Brewing",,144,http://www.bluepointbrewing.com/
145,"Blue Ridge Brewing",,145,http://www.blueridgebrewing.com/
150,"Bonaventure Brewing Co",,150,http://www.bonaventurebrewing.com/
154,"Borsodi SÃ¶rgyÃ¡r",,154,http://www.borsodisorgyar.hu/
156,"BOSS Browar Witnica S.A.",,156,http://www.browar-witnica.pl/
157,"Boston Beer Company",,157,http://www.samueladams.com/
159,"Bottom's Up Brewing",,159,
160,"Boulder Beer Company",,160,http://boulderbeer.com/
161,"Boulevard Brewing Company",,161,http://www.blvdbeer.com/
164,"Brasserie Artisanale de Rulles",,164,
167,"Brasserie D'Achouffe",,167,
169,"Brasserie d'Orval",,169,
171,"Brasserie de Brunehaut",,171,http://www.brunehaut.com/
172,"Brasserie de Cazeau",,172,
175,"Brasserie de l'Abbaye Val-Dieu",,175,
179,"Brasserie de Silly",,179,
180,"Brasserie de Tahiti",,180,
191,"Brasserie Ellezelloise",,191,
193,"Brasserie Grain D'Orge",,193,
198,"Brasserie McAuslan",,198,http://www.mcauslan.com
202,"Brasserie-Brouwerij Cantillon",,202,http://www.cantillon.be/
204,"Brauerei & Gasthof zur Krone",,204,
205,"Brauerei Aying Franz Inselkammer KG",,205,
208,"Brauerei Fssla",,208,
209,"Brauerei Gbr. Maisel KG",,209,http://www.maisel.com/
216,"Brauerei Leibinger",,216,
220,"Brauerei Schumacher",,220,
221,"Brauerei Schwelm",,221,
226,"Brauhaus am WaldschlÃ¶sschen",,226,http://www.waldschloesschen.de
227,"Brauhaus Brew Hall",,227,http://www.braubrothersbrewing.com/
230,"Brauhaus Johann Albrecht - Konstanz",,230,
233,"Brauhaus Sternen",,233,
235,"Breckenridge BBQ of Omaha",,235,
236,"Breckenridge Brewery",,236,http://www.breckbrew.com/
241,"BrewDog Ltd",,241,http://brewdog.com/
242,"Brewer's Art",,242,http://www.belgianbeer.com
245,"Brewery Budweiser Budvar",,245,http://www.budvar.cz/
247,"Brewery Creek Brewing",,247,http://www.brewerycreek.com/
249,"Brewery Ommegang",,249,
251,Brewpub-on-the-Green,,251,
252,Breznak,,252,http://drinksunion.qbizm.cz/de/pages/vyrobky_p_breznak.htm
255,"BridgePort Brewing",,255,http://www.bridgeportbrew.com/
259,"Brooklyn Brewery",,259,http://www.brooklynbrewery.com/
260,"Broughton Ales",,260,http://www.broughtonales.co.uk/
262,"Brouwerij Abdij der Trappisten van Westmalle",,262,http://www.trappistwestmalle.be
263,"Brouwerij Abdij Saint Sixtus",,263,
265,"Brouwerij Artois",,265,
266,"Brouwerij Bavik - De Brabandere",,266,
268,"Brouwerij Boon",,268,
269,"Brouwerij Bosteels",,269,
272,"Brouwerij De Dolle Brouwers",,272,http://www.dedollebrouwers.be/
274,"Brouwerij De Keersmaeker",,274,
280,"Brouwerij der Sint-Benedictusabdij de Achelse Kluis",,280,http://www.achelsekluis.org/
281,"Brouwerij Duvel Moortgat",,281,
283,"Brouwerij Girardin",,283,
284,"Brouwerij Het Anker",,284,http://www.hetanker.be/
285,"Brouwerij Huyghe",,285,
287,"Brouwerij Liefmans",,287,http://www.liefmans.be/
289,"Brouwerij Nacional Balashi",,289,http://www.balashi.com/balashi/
296,"Brouwerij St. Bernardus",,296,http://www.sintbernardus.be
299,"Brouwerij The Musketiers",,299,
301,"Brouwerij Van Eecke",,301,
302,"Brouwerij van Hoegaarden",,302,
303,"Brouwerij Van Honsebrouck",,303,
304,"Brouwerij Van Steenberge",,304,
306,"Browar NamysÅ‚Ã³w Sp. z o.o.",,306,
307,"Browar Okocim",,307,http://www.okocim.pl/
308,"Browar Warka",,308,http://www.warka.com.pl/
309,"Browar Zywiec",,309,http://www.zywiec.com.pl/
312,"Bryggeriet lfabrikken",,312,
314,"Bube's Brewery",,314,http://www.bubesbrewery.com
319,"Bullfrog Brewery",,319,http://www.bullfrogbrewery.com
320,"Bulmer Cider",,320,
321,"BÃ¼rgerbrÃ¤u Wolnzach",,321,
322,"Burton Bridge Brewery",,322,http://www.burtonbridgebrewery.co.uk/Index.shtml
325,"Buzzards Bay Brewing Inc.",,325,http://www.buzzardsbrew.com/
328,"Caldera Brewing",,328,http://www.calderabrewing.com
333,"Cambridge Brewing",,333,http://www.cambrew.com/
334,"Cameron's Brewing",,334,
339,"Capital City Brewing Company",,339,http://www.capcitybrew.com
341,"Captain Lawrence Brewing Company",,341,http://www.captainlawrencebrewing.com/
343,"Carlow Brewing Company",,343,http://www.carlowbrewing.com
344,"Carlsberg Bryggerierne",,344,
345,"Carlsberg Sverige AB",,345,
347,"Carlyle Brewing",,347,
349,"Carolina Beer Company",,349,http://www.carolinabeer.com/
353,"Cat's Paw Home Brew",,353,
357,"Central City Brewing Company",,357,http://www.centralcitybrewing.com/
358,"Central Waters Brewing Company",,358,http://www.centralwaters.com/
360,"Cervecera Cuauhtmoc-Moctezuma",,360,http://www.ccm.com.mx/
363,"Cervecera Jerome",,363,
364,"Cervecera Nacional",,364,
366,"CervecerÃ­a La Constancia",,366,http://www.laconstancia.com/
367,"Cervejaria de Macau",,367,
368,"Cervejaria Kaiser Brasil",,368,
369,"Cervejaria Sudbrack",,369,http://www.eisenbahn.com.br/
370,"Cervezas Alhambra",,370,
371,"Chama River Brewing",,371,
374,"Chelsea Brewing Company",,374,http://chelseabrewingco.com/
376,"Cheshire Cat Brewery",,376,
378,"Chimay (Abbaye Notre Dame de Scourmont)",,378,http://www.chimay.com
379,"Cigar City Brewing",,379,http://cigarcitybeer.com/
381,"City Brewing Company, LLC",,381,http://www.citybrewery.com/
384,"Climax Brewing Copmany",,384,http://www.climaxbrewing.com/
385,"Clipper City Brewing Co.",,385,http://www.ccbeer.com/
391,"Coeur d'Alene Brewing Company",,391,http://www.cdabrewing.com/
392,"Cold Spring Brewing",,392,http://www.coldspringbrewery.com/
397,"Coopers Brewery",,397,http://www.coopers.com.au/
398,"Cooperstown Brewing Company",,398,http://www.cooperstownbrewing.com/
399,"Coors Brewing - Golden Brewery",,399,http://www.coors.com
402,"Copper Kettle Brewery",,402,http://www.ckbrewery.com/
404,"Coronado Brewing Company",,404,http://www.coronadobrewingcompany.com/
405,"Costal Extreme Brewing Company",,405,http://www.newportstorm.com/
409,"Crabby Larry's Brewpub Steak & Crab House",,409,http://www.crabbylarrys.com/
415,"Cricket Hill",,415,http://www.crickethillbrewery.com
420,"Cucapa Brewing Company",,420,http://www.cucapa.com/
423,"D.L. Geary Brewing Company",,423,http://www.gearybrewing.com
424,Daas,,424,http://www.daasbeer.com/
425,"Daleside Brewery",,425,
426,"Dark Horse Brewing Co.",,426,http://www.darkhorsebrewery.com/
428,"de dochter van de korenaar",,428,http://www.dedochtervandekorenaar.be
430,"De Halve Maan",,430,http://www.halvemaan.be/
431,"De Leyerth Brouwerijen",,431,
433,"De Struise Brouwers",,433,http://www.struisebrouwers.be/
440,"Denver ChopHouse and Brewery",,440,
441,"Deschutes Brewery",,441,http://www.deschutesbrewery.com/
442,"Desnoes & Geddes Ltd",,442,
444,"Diamond Bear Brewing Co.",,444,http://www.diamondbear.com/
445,"Diamond Knot Brewery & Alehouse",,445,http://www.diamondknot.com/
447,"Dick's Brewing",,447,
448,"Diebels Privatbrauerei",,448,
451,"Dinkelacker-Schwaben Bru",,451,
454,"Dixie Brewing",,454,
456,"Dock Street Beer",,456,http://www.dockstreetbeer.com
457,"Dockside Brewing",,457,
459,"Dogfish Head Craft Brewery",,459,http://www.dogfish.com
460,"Dortmunder Actien Brauerei  DAB",,460,
462,"Double Mountain Brewery & Taproom",,462,http://www.doublemountainbrewery.com/
463,"Dragonmead Microbrewery",,463,
465,"Dreher Srgyrak Zrt.",,465,
469,"Duck-Rabbit Craft Brewery",,469,http://www.duckrabbitbrewery.com/
470,DuClaw,,470,http://www.duclaw.com/
473,"Duvel Moortgat",,473,
474,"Dux de Lux",,474,http://www.thedux.co.nz/
476,"East End Brewing Company",,476,http://www.eastendbrewing.com/
480,"Eder & Heylands",,480,http://www.eder-heylands.de
481,"Eel River Brewing",,481,http://eelriverbrewing.com/
483,"Egan Brewing",,483,
484,"Einbecker Brauhaus AG",,484,
491,"Elk Grove Brewery & Restaurant",,491,
494,"Elliott Bay Brewery and Pub",,494,
495,"Elm City Brewing Co",,495,http://www.elmcitybrewing.com/
496,"Elysian Brewery & Public House",,496,http://www.elysianbrewing.com/
497,"Elysian Brewing - TangleTown",,497,
498,"Emerson Brewing",,498,
503,"Engel Brauerei Schwbisch Gmnd Lang",,503,
504,"Engine House #9",,504,
506,"Epic Brewing Company",,506,http://epicbeer.com/
507,"Erie Brewing Company",,507,http://www.eriebrewingco.com
509,"Estes Park Brewery",,509,http://www.epbrewery.net/
511,"Ettaler Klosterbetriebe Abteilung Brauerei & Destillerie",,511,
512,"F.X. Matt Brewing",,512,http://www.saranac.com
520,"Fifty Fifty Brewing Co.",,520,http://www.fiftyfiftybrewing.com/
524,"Firestone Walker Brewing Company",,524,http://www.firestonewalker.com/
526,"Fish Brewing Company & Fish Tail Brewpub",,526,http://www.fishbrewing.com/
527,"Fitger's Brewhouse, Brewery and Grill",,527,
530,"Flat Branch Pub & Brewing",,530,http://www.flatbranch.com
531,"Flat Earth Brewing Company",,531,http://flatearthbrewing.com/
534,"Flensburger Brauerei",,534,http://www.flens.co.uk/
536,"Flossmoor Station Brewery",,536,
537,"Flour City Brewing",,537,
538,"Flyers Restraunt and Brewery",,538,http://www.eatatflyers.com/
539,"Flying Bison Brewing",,539,http://www.flyingbisonbrewing.com
540,"Flying Dog Brewery",,540,http://www.flyingdogales.com/
541,"Flying Fish Brewing Company",,541,http://www.flyingfish.com/
543,"Foothills Brewing Company",,543,http://www.foothillsbrewing.com/
546,"Foster's Australia Ltd.",,546,http://www.fostersbeer.com/
549,"Founders Brewing",,549,http://www.foundersbrewing.com/
550,"Founders Hill Brewing",,550,
551,"Four Peaks Brewing",,551,http://www.fourpeaks.com/
557,"Freeminer Brewery",,557,
562,"Full Sail Brewing #1",,562,
563,"Fuller, Smith & Turner PBC",,563,http://www.fullers.co.uk/
566,"Gaslight Brewery",,566,
572,"George Gale & Company",,572,
575,"Glacier Brewhouse",,575,http://www.glacierbrewhouse.com/
579,"Gold Crown Brewing",,579,
584,"Golden Valley Brewery and Pub",,584,http://www.goldenvalleybrewery.com/
585,"Goose Island Beer Company - Clybourn",,585,
586,"Goose Island Beer Company - Fulton Street",,586,
587,"Gordash Brewing Company",,587,http://holymackerelbeers.com/
588,"Gordon Biersch Brewing",,588,http://www.gordonbiersch.com/brewery
590,"Gottberg Brew Pub",,590,
592,"Grand Lake Brewing",,592,
595,"Granite City Food & Brewery - Omaha",,595,
597,"Granville Island Brewing",,597,
598,"Granville Island Brewing Company",,598,
601,"Great Bear Brewing",,601,
604,"Great Divide Brewing",,604,http://www.greatdivide.com/
605,"Great Lakes Brewing",,605,http://www.greatlakesbrewing.com
609,"Green Flash Brewing",,609,http://www.greenflashbrew.com
611,"Green Mountain Beverage",,611,http://www.gmbeverage.com/
612,"Greene King",,612,
616,"Grolsche Bierbrouwerij",,616,http://www.grolsch.com
618,"Grupo Modelo",,618,http://www.gmodelo.com.mx/
619,"Gulpener Bierbrouwerij",,619,
622,"Hair of the Dog Brewing",,622,
624,"Half Moon Bay Brewing",,624,
626,"Hambleton Ales",,626,
627,"Hampshire Brewery",,627,
633,"Harmon Brewing Company",,633,http://harmon.harmonbrewingco.com/
634,"Harpoon Brewery - Boston",,634,http://www.harpoonbrewery.com
635,"Harpoon Brewery - Windsor",,635,http://www.harpoonbrewery.com/
637,"Harvey & Son (Lewes)",,637,
638,"Harviestoun Brewery",,638,
641,"Hawks Brewing",,641,
643,"Heartland Brewery Union Square",,643,http://www.heartlandbrewery.com/
646,"Heineken HungÃ¡ria",,646,http://www.heinekenhungaria.hu/
647,"Heineken International",,647,http://www.heineken.com/
650,"Heller Bru Trum",,650,
652,"Hereford & Hops Steakhouse and Brewpub #3",,652,
656,"High Falls Brewing",,656,
657,"High Point Wheat Beer Company",,657,http://www.ramsteinbeer.com/
658,"Highland Brewing Company",,658,http://www.highlandbrewing.com/
659,"Hirschbru Privatbrauerei Hss",,659,
660,"Hite Brewery",,660,
662,"Hoepfner Privatbrauerei",,662,
670,"Hook Norton Brewery",,670,
671,"Hop Back Brewery",,671,
673,"Hoppin Frog Brewery",,673,http://www.hoppinfrog.com/
674,"Hoppy Brewing Company",,674,http://www.hoppy.com
678,"Hopworks Urban Brewery",,678,http://hopworksbeer.com/
686,"Humboldt Brewing",,686,http://www.humboldtbrews.com/
690,InBev,,690,http://www.inbev.com
691,"Independence Brew Pub",,691,http://www.independencebrewpub.com/
692,"Independence Brewing Co",,692,http://www.independencebrewing.com/
696,"Inveralmond Brewery",,696,
698,"Iron City Brewing Co.",,698,http://www.ironcitybrewingcompany.com/Default.aspx
700,"Iron Hill Brewery - Wilmingon",,700,http://www.ironhillbrewery.com/
701,"Iron Springs Pub & Brewery",,701,
703,"Isle of Skye Brewing Company",,703,
705,"Ithaca Beer Company",,705,
707,"Jack's Brewing",,707,
708,"Jacob Leinenkugel Brewing Company",,708,http://www.leinie.com/welcome.html
713,"Jennings Brewery",,713,http://www.jenningsbrewery.co.uk/
714,"Jever Brewery",,714,http://www.jever.de/
718,"JoBoy's Brew Pub",,718,http://www.joboysbrewpub.com/
722,"John Martin sa",,722,http://www.anthonymartin.be/
723,"Jolly Pumpkin Artisan Ales",,723,http://www.jollypumpkin.com
727,"JW Lees and Co (Brewers) Ltd.",,727,
731,"Karl Strauss Brewery Gardens - Sorrento Mesa",,731,
733,"Keesmann Bru",,733,
739,"Kessler Brewing",,739,
741,"Kirin Brewery Company, Ltd",,741,http://www.kirin.com/
742,"Kiuchi Shuzou Goushi Kaisya",,742,
744,"Klosterbrauerei Neuzelle",,744,
745,"Klosterbrauerei Weltenburg",,745,http://www.weltenburger.de/
746,"Klosterbru Bamberg",,746,
751,"Kona Brewing",,751,http://www.konabrewingco.com
752,"KÃ¶stritzer Schwarzbierbrauerei",,752,
755,"Kross Brewing",,755,
756,"Kuhnhenn Brewing",,756,http://www.kbrewery.com/
757,"Kulmbacher Brauerei AG",,757,
762,"Labatt Ontario Breweries",,762,
765,"Lagunitas Brewing Company",,765,http://www.lagunitas.com/
767,"Lake Placid Pub & Brewery",,767,http://www.ubuale.com/
771,"Lancaster Brewing Co.",,771,http://www.lancasterbrewing.com/index.html
772,"Lanchester Brewing",,772,
774,"Latrobe Brewing",,774,
778,"Left Coast Brewing",,778,
779,"Left Hand Brewing Company",,779,http://www.lefthandbrewing.com/
780,"Legacy Brewing Co.",,780,http://www.legacybrewing.com
783,"Lewis & Clark Brewing Company",,783,http://lewisandclarkbrewing.com/
784,"Liberty Steakhouse and Brewery",,784,http://www.libertysteakhouseandbrewery.com/
787,"Lift Bridge Brewery",,787,http://www.liftbridgebrewery.com/
791,"Lion Brewery Ceylon Ltd.",,791,http://www.lionbeer.com/
792,"Lion Brewery Inc.",,792,http://www.lionbrewery.com/
793,"Lion Nathan Australia  Hunter Street",,793,
796,"Little Creatures Brewery",,796,http://www.littlecreatures.com.au/
797,"Live Oak Brewing",,797,http://www.liveoakbrewing.com/
801,"Long Trail Brewing Co",,801,http://www.longtrail.com/
803,"Lost Coast Brewery",,803,http://www.lostcoast.com/
804,"LÃ¶wenbrÃ¤u Brauerei",,804,
810,"Mad River Brewing",,810,
812,"Magic Hat",,812,http://www.magichat.net/
813,"Magnolia Pub and Brewery",,813,http://www.magnoliapub.com/
819,"Maisel Bru",,819,
823,"Manayunk Brewery and Restaurant",,823,http://www.manayunkbrewery.com/
825,"Marble Brewery",,825,http://marblebrewery.com/
826,"Margaritaville Brewing Company",,826,http://www.landsharklager.com/
827,"Marin Brewing",,827,
829,"Maritime Pacific Brewing",,829,
832,Martini-Brauerei,,832,
833,"Marzoni's Brick Oven & Brewing Co",,833,http://www.marzonis.com/
836,"Maui Brewing Co.",,836,http://mauibrewingco.com/
841,"McKenzie Brew House",,841,http://www.mckenziebrewhouse.com
842,"McMenamins Mill Creek",,842,
844,"Meantime Brewing Company Limited",,844,http://www.meantimebrewing.com/
847,"Mendocino Brewing - Hopland",,847,
848,"Mendocino Brewing - Saratoga Springs",,848,http://www.mendobrew.com/
850,"Mercury Brewing Company",,850,http://www.mercurybrewing.com
851,"Metropolitan Brewing",,851,http://www.metrobrewing.com/
853,"Michigan Brewing",,853,http://www.michiganbrewing.com/
857,"Middle Ages Brewing",,857,http://www.middleagesbrewing.com/
858,"Midnight Sun Brewing Co.",,858,http://www.midnightsunbrewing.com/
859,Mikkeller,,859,http://www.mikkeller.dk/
863,"Miller Brewing",,863,http://www.millerbrewing.com
866,"Milly's Tavern",,866,
867,"Milwaukee Ale House",,867,
868,"Minhas Craft Brewery",,868,
869,"Minneapolis Town Hall Brewery",,869,http://www.townhallbrewery.com/
873,"Mission Springs Brewing",,873,
876,"Mogollon Brewing Company",,876,http://www.mogbrew.com/
878,"Molson Breweries of Canada",,878,
881,"Monteith's Brewing Co.",,881,http://www.monteiths.com/nz/
882,"Moon River Brewing Company",,882,http://www.moonriverbrewing.com/
884,"Moorhouse's Brewery (Burnley)",,884,
885,"Moose's Tooth Pub and Pizzeria",,885,http://www.moosestooth.net/
886,"Moosehead Breweries",,886,
888,"Moosejaw Pizza & Dells Brewing Company",,888,
890,"Morland and Co.",,890,
892,"Moylan's Brewery & Restaurant",,892,http://www.moylans.com/
894,"Mudshark Brewing",,894,http://www.mudsharkbrewingco.com/
897,"Myanmar Brewery and Distillery",,897,
902,"Nelson Brewing",,902,
903,"Nethergate Brewery Co Ltd",,903,
905,"New Belgium Brewing",,905,http://www.newbelgium.com/
907,"New Glarus Brewing Company",,907,http://www.newglarusbrewing.com/
908,"New Holland Brewing Company",,908,http://newhollandbrew.com
909,"New River Brewing",,909,
911,"New Zealand Breweries Limited",,911,http://www.steinlager.co.nz/
913,"Nicolet Brewing",,913,
914,"Nikenjayamochi Kadoya Honten Co.",,914,
916,"Nodding Head Brewpub",,916,http://www.noddinghead.com/
919,"North Coast Brewing Company",,919,http://www.northcoastbrewing.com/home.htm
923,"NÃ¸gne Ã˜ - Det KompromisslÃ¸se Bryggeri A/S",,923,http://nogne-o.com/
929,"Oak Creek Brewery",,929,http://oakcreekbrew.com/
930,"Oaken Barrel Brewing",,930,http://www.oakenbarrel.com/
935,"Odell Brewing",,935,
936,"Oggi's Pizza and Brewing - Vista",,936,
940,"Old Dominion Brewing Co.",,940,http://www.olddominion.com/
945,"On Tap Bistro & Brewery",,945,
947,"Onopa Brewing",,947,
951,"Oriental Brewery",,951,
953,"Orkney Brewery",,953,http://www.orkneybrewery.co.uk/
954,"Orlando Brewing",,954,http://www.orlandobrewing.com
955,"Orlio Organic",,955,http://www.orlio.net/
956,"Oskar Blues Grill and Brew",,956,http://www.oskarblues.com/
959,"Otter Creek Brewing & Wolaver's Organic Ales",,959,http://www.ottercreekbrewing.com/
960,"Otto's Pub and Brewery",,960,http://www.ottospubandbrewery.com/index.php
961,"Oy Sinebrychoff AB",,961,
963,"Pabst Brewing Company",,963,http://www.pabst.com/
965,"Pacific Coast Brewing",,965,
967,"Palm Breweries",,967,http://www.palmbreweries.com/
972,Paulaner,,972,http://www.paulaner.com/
974,"Pelican Pub & Brewery",,974,http://www.pelicanbrewery.com/
975,"Penn Brewery",,975,http://www.pennbrew.com/
976,"Pennichuck Brewing Company",,976,http://www.pennichuckbrewing.com/
978,"Pete's Brewing",,978,http://www.peteswicked.com/
981,"Philadelphia Brewing Co",,981,http://philadelphiabrewing.com/index.htm
985,"Pinehurst Village Brewery",,985,
988,"Pivara Skopje",,988,http://www.pivaraskopje.com.mk/
993,"Pivovar Pardubice a.s.",,993,
998,"Pivovary Staropramen",,998,http://www.staropramen.com
999,"Pivzavod Baltika /",,999,
1000,"Pizza Beer",,1000,http://www.mammamiapizzabeer.com/
1004,"Pleasanton Main Street Brewery",,1004,
1005,"Plzesk Prazdroj",,1005,
1009,"Port Brewing Company",,1009,http://www.portbrewing.com/
1012,"Portland Brewing",,1012,
1013,"Portsmouth Brewery",,1013,http://www.portsmouthbrewery.com/
1016,"Pripps Ringnes Bryggerier",,1016,
1017,"Privat-Brauerei Schmucker Ober-Mossau KG",,1017,
1018,"Privatbrauerei Bolten",,1018,
1019,"Privatbrauerei Erdinger Weissbru",,1019,
1020,"Privatbrauerei Frankenheim",,1020,
1023,"Private Weissbierbrauerei G. Schneider & Sohn GmbH",,1023,http://www.schneider-weisse.de
1027,"Pumphouse Brewery & Restaurant",,1027,
1029,"Pyramid Alehouse, Brewery and Restaurant - Berkeley",,1029,
1030,"Pyramid Alehouse, Brewery and Restaurant - Seattle",,1030,
1031,"Pyramid Ales Brewery",,1031,http://www.pyramidbrew.com/
1035,"Raccoon Lodge and Brewpub / Cascade Brewing",,1035,http://www.raclodge.com/
1037,"Radeberger Exportbierbrauerei",,1037,
1038,"Rahr & Sons Brewing Company",,1038,http://www.rahrbrewery.com/
1043,"RCH Brewery",,1043,
1044,"Real Ale Brewing Company",,1044,http://www.realalebrewing.com/
1045,ReaperAle,,1045,
1051,"Redhook Ale Brewery",,1051,http://www.redhook.com/
1052,"Remington Watson Smith Brewing",,1052,
1055,"Richbrau Brewing Company",,1055,http://www.richbrau.com/
1056,"Ridgeway Brewing",,1056,
1058,"River Horse Brewing Company",,1058,http://www.riverhorse.com
1061,"Rivertowne Pour House",,1061,http://www.myrivertowne.com/
1062,"Rock Art Brewery",,1062,http://www.rockartbrewery.com/
1064,"Rock Bottom Restaurant & Brewery - Denver",,1064,
1070,"Rockyard Brewing",,1070,
1072,"Rogue Ales",,1072,http://www.rogue.com
1075,"Roots Organic Brewing",,1075,
1081,"Roy Pitz Brewing Company",,1081,http://roypitz.com/
1084,"Rush River Brewing",,1084,
1086,"Russian River Brewing",,1086,http://www.russianriverbrewing.com/
1087,"S.A. Damm",,1087,http://www.estrelladamm.es/
1089,"Sabmiller India,",,1089,http://www.sabmiller.in/
1090,"Sacramento Brewing Company",,1090,http://sacbrew.blogspot.com/
1091,"Saint Arnold Brewing",,1091,http://www.saintarnold.com
1092,"Saint Louis Brewery / Schlafy Tap Room",,1092,http://www.schlafly.com/
1093,"Saint Somewhere Brewing Company",,1093,http://www.saintsomewherebrewing.com/
1094,"Saku lletehas",,1094,
1099,"Samuel Smith Old Brewery (Tadcaster)",,1099,
1100,"San Diego Brewing",,1100,
1103,"Sand Creek Brewing Company",,1103,http://www.sandcreekbrewing.com/
1108,"Santa Fe Brewing Company",,1108,http://www.santafebrewing.com/
1113,"Scharer's Little Brewery",,1113,
1115,"Schloss Eggenberg",,1115,
1116,Schlossbru,,1116,
1117,SchÃ¶fferhofer,,1117,http://www.schoefferhofer.de/
1120,"Schussenrieder Erlebnisbrauerei",,1120,
1122,"Scottish & Newcastle Breweries",,1122,
1124,"Scuttlebutt Brewing",,1124,
1125,"Sea Dog Brewing Company",,1125,http://www.seadogbrewing.com/
1126,"Seabright Brewery",,1126,
1127,"Second Street Brewery",,1127,http://www.secondstreetbrewery.com/
1129,"Sequoia Brewing Conoabt",,1129,http://www.sequoiabrewing.com/
1136,"Shipyard Brewing - Portland",,1136,http://www.shipyard.com/
1137,"Shmaltz Brewing Company",,1137,http://www.shmaltz.com/
1142,"Sierra Nevada Brewing Co.",,1142,http://www.sierranevada.com/
1148,"Six Rivers Brewery",,1148,http://www.sixriversbrewery.com/
1149,"Sixpoint Craft Ales",,1149,http://www.sixpointcraftales.com/
1150,"Ska Brewing Company",,1150,http://www.skabrewing.com/
1151,"Skagit River Brewing",,1151,
1155,"Sleeping Lady Brewing Company",,1155,http://www.alaskabeers.com/
1158,"Sly Fox Brewhouse and Eatery - Royersford",,1158,http://www.slyfoxbeer.com/index1.asp
1160,"Smuttynose Brewing Co.",,1160,http://www.smuttynose.com/
1163,"Snowshoe Brewing - Sonora",,1163,
1165,"Socorro Springs Brewing",,1165,
1166,"Sonoran Brewing Company",,1166,http://www.sonoranbrewing.com/
1168,"South County Brewing Co.",,1168,http://www.southcountybrewing.com/
1169,"South Shore Brewery",,1169,
1170,"Southampton Publick House",,1170,http://southamptonbrewery.com
1172,"Southern Star Brewing Company",,1172,http://www.southernstarbrewery.com/
1173,"Southern Tier Brewing Co",,1173,http://www.southerntierbrewing.com/
1176,Spaten-Franziskaner-BrÃ¤u,,1176,
1177,"Speakeasy Ales and Lagers",,1177,
1179,"Spoetzl Brewery",,1179,http://www.shiner.com
1181,"Sprecher Brewing",,1181,http://www.sprecherbrewery.com/
1182,"Spring House Brewing Company",,1182,http://www.springhousebeer.com/
1184,"St John Brewers",,1184,http://www.stjohnbrewers.com/index.html
1185,"St Peter's Brewery",,1185,
1186,"St. Austell Brewery",,1186,http://www.staustellbrewery.co.uk/
1187,"St. Francis Abbey Brewery",,1187,http://www.diageo.ie/Company/Brewing/KilKenny/CompanyBrewingKilkenny
1191,"Staatliches HofbrÃ¤uhaus in MÃ¼nchen",,1191,
1194,"Steam Whistle Brewery",,1194,http://www.steamwhistle.ca
1195,Steamworks,,1195,http://www.steamworks.com/gastown_index.htm
1197,"Steel Brewing",,1197,
1202,"Stieglbrauerei zu Salzburg GmbH",,1202,http://www.stieglbrauerei.at/
1204,"Stone Brewing Co.",,1204,http://www.stonebrew.com/
1206,"Stone City Brewing",,1206,
1211,"Stoudt's Brewery",,1211,http://www.stoudtsbeer.com/brewery.html
1213,"Strangford Lough Brewing Company Ltd",,1213,http://slbc.ie/
1217,"Stuttgarter Hofbru",,1217,
1218,"Sudwerk Privatbrauerei Hbsch",,1218,
1219,"Sullivan's Black Forest Brew Haus & Grill",,1219,
1220,"Summit Brewing",,1220,http://www.summitbrewing.com/
1221,"Surly Brewing",,1221,http://www.surlybrewing.com/
1223,"Sweet Water Tavern and Brewery",,1223,http://www.greatamericanrestaurants.com/sweetMainSter/index.htm
1224,"Sweetwater Brewing - Atlanta",,1224,http://www.sweetwaterbrew.com/
1232,"Tailgate Beer",,1232,http://www.tailgatebeer.com/indexmain.php
1235,"Tap Room Brewing Company",,1235,http://www.taproom21.com/
1238,"Taylor's Restaurant and Brewery",,1238,
1242,"Terminal Gravity Brewing",,1242,
1243,"Terrapin Beer Company",,1243,http://www.terrapinbeer.com/
1244,"The Alchemist",,1244,http://www.alchemistbeer.com/
1245,"The Blind Bat Brewery LLC",,1245,http://www.blindbatbrewery.com/
1246,"The Bruery",,1246,http://www.thebruery.com/
1247,"The Cambridge House",,1247,http://www.cambridgebrewhouse.com/
1248,"The Church Brew Works",,1248,http://churchbrew.com/
1250,"The Livery",,1250,http://liverybrew.com/
1251,"The Lost Abbey",,1251,http://www.lostabbey.com/
1254,"Third Street Ale Works",,1254,http://www.thirdstreetaleworks.com
1255,"Thirsty Dog Brewing",,1255,http://www.thirstydog.com
1258,"Thomas Hooker Brewing",,1258,http://www.hookerbeer.com/
1260,"Three Floyds Brewing",,1260,http://www.threefloydspub.com/
1262,"Thunder Canyon Brewery",,1262,http://www.thundercanyonbrewery.com/
1268,"Titletown Brewing",,1268,
1271,"Tommyknocker Brewery and Pub",,1271,http://www.tommyknocker.com/
1273,Tongerlo,,1273,http://www.tongerlo.be
1274,Tooheys,,1274,
1280,"Trap Rock Restaurant and Brewery",,1280,
1281,"Traquair House Brewery",,1281,
1285,"Triumph Brewing of Princeton",,1285,
1286,"Troegs Brewing",,1286,http://www.troegs.com/
1287,"Tropical Beverage (International) Co., Ltd",,1287,http://www.tropbevco.com/
1290,"Tucher Bru",,1290,
1291,"Tui Brewery",,1291,
1296,"Twin Rivers Brewing",,1296,
1298,"Two Brothers Brewing",,1298,http://www.twobrosbrew.com/
1301,"Tyranena Brewing",,1301,http://www.tyranena.com
1303,"Uerige Obergrige Hausbrauerei",,1303,
1304,"Uinta Brewing Compnay",,1304,http://www.uintabrewing.com/
1305,"Ukiah Brewing",,1305,
1307,Unibroue,,1307,http://www.unibroue.com
1308,Unicer,,1308,http://www.unicer.pt
1312,"United Breweries Limited",,1312,
1313,"Upland Brewing",,1313,http://www.uplandbeer.com
1314,"Upper Mississippi Brewing",,1314,
1315,"Upstream Brewing Company at Legacy",,1315,
1316,"Upstream Brewing Old Market",,1316,http://www.upstreambrewing.com/
1318,"Utah Brewers Cooperative",,1318,http://www.utahbeers.com/
1319,"Utenos Alus",,1319,
1320,"Valley Brewing Company",,1320,http://www.valleybrew.com/
1321,"Valley Forge Brewing",,1321,
1322,"Van Honsebrouch",,1322,
1326,"Victory Brewing",,1326,http://www.victorybeer.com
1330,"Voodoo Brewing Co.,LLC",,1330,http://www.voodoobrewery.com/
1331,"vyturio Alaus Darykla",,1331,
1332,"Wachusetts Brewing Company",,1332,http://www.wachusettbrew.com
1333,"Wagner Valley Brewing",,1333,
1336,"Walldorff Brew Pub",,1336,http://walldorffbrewpub.com/
1337,"Warsteiner Brauerei",,1337,
1344,Wdi-Bru-Huus,,1344,
1346,"Weinkeller Brewery - Berwyn",,1346,
1348,"Wells and (&) Youngs Brewing Company Ltd.",,1348,http://www.bombardier.co.uk/bombardier
1349,"WernesgrÃ¼ner Brauerei",,1349,http://www.wernesgruener.de/
1350,"WernesgrÃ¼ner Brauerei GmbH",,1350,http://www.wernesgruener.de/
1352,"Weyerbacher Brewing Company",,1352,http://www.weyerbacher.com/
1356,"Whitbread Beer Company",,1356,
1357,"White Marsh Brewing Company",,1357,http://www.redbrickstation.com/
1361,"Widmer Brothers Brewing",,1361,
1363,"Wild Goose Brewery, LLC",,1363,http://www.wildgoosebrewery.com/
1366,"William Kuether Brewing",,1366,
1367,"Williams Brothers Brewing Company",,1367,
1373,"Woodforde's Norfolk Ales",,1373,
1375,"Wychwood Brewery",,1375,
1376,"Wychwood Brewery Company Ltd",,1376,
1379,"Wynkoop Brewing",,1379,http://www.wynkoop.com/
1380,"Yakima Brewing and Malting / Grant's Ales",,1380,
1383,"Yards Brewing",,1383,
1385,"Youngs & Company Brewery",,1385,http://www.youngs.co.uk
1388,"Yuengling & Son Brewing",,1388,http://www.yuengling.com
1391,"Yazoo Brewing",,1391,http://www.yazoobrew.com
1392,"Yuksom Breweries",,1392,
1394,"Aviator Brewing Company",,1394,http://www.aviatorbrew.com/
1396,"Aspen Brewing Company",,1396,http://aspenbrewingcompany.com
1397,"Tallgrass Brewing Co.",,1397,http://www.tallgrassbeer.com
1400,FINNEGANS,,1400,http://www.finnegans.org
1401,"Half Pints Brewing Company",,1401,http://www.halfpintsbrewing.com
1402,"Warwick Valley Wine Co.",,1402,http://www.wvwinery.com
1404,"The St. Louis Brewrey",,1404,http://http://www.schlafly.com
1405,"Baltika Breweries",,1405,http://baltikabeer.com/
1409,"Columbus Brewing Company",,1409,www.columbusbrewingco.com
1410,Oso,,1410,http://www.osobrewing.com/Home.php
1411,"Element Brewing Company",,1411,http://www.elementbeer.com
1412,Cains,,1412,http://www.cains.co.uk/
1413,"Wedge Brewery",,1413,http://wedgebrewing.com/
1416,"Brewery Vivant",,1416,http://breweryvivant.com
1417,Oakshire,,1417,
1419,"Uehara Shuzou Co. Ltd. / Echigo Beer Pub",,1419,http://www.echigo-beer.jp/
1421,"DC Brau",,1421,http://www.dcbrau.com/
